Jméno;Hokej.cz ID;Tym;Nazev tymu;Sezona;Pozice;Vìk;GP;P;OFF;OFF IMPACT;POINT PRODUCTION;SHOOTING;PASSING;PEN DRAWN;PP;TRA;SHOT CONTRI;HD CHANCES;HD ASSISTS;CARRIES;ENTRY PASSES;POSS EXITS;DEF;DEF IMPACT;DENIALS;RECOVERIES;ROLE DIFF;PEN TAKEN;PK;First;Second;Jmeno hrace;Akt
Jakub Flek;17397;KOM;HC Kometa Brno;2023 / 2024;útoèník;30;32;26;77;72;75;32;88;40;81;98;90;95;93;94;99;89;39;43;23;69;73;96;53;Jakub;Flek;Flek J.;17. 1. 2024
Aaron Irving;318533;SPA;HC Sparta Praha;2023 / 2024;obránce;27;32;12;60;41;50;76;49;85;45;93;95;82;80;71;79;53;14;11;41;-;60;36;5;Aaron;Irving;Irving A.;17. 1. 2024
Adam Jánošík;11534;MBL;BK Mladá Boleslav;2023 / 2024;obránce;30;34;0;7;33;1;6;1;1;-;10;19;56;20;1;1;41;36;38;6;-;82;79;53;Adam;Jánošík;Janosik A.;17. 1. 2024
Adam Jiøíèek;10096041;PLZ;HC Škoda Plzeò;2023 / 2024;obránce;17;19;1;1;3;1;15;1;82;26;33;47;7;1;19;61;88;3;4;91;-;83;92;-;Adam;Jiøíèek;Jiricek A.;17. 1. 2024
Adam Kubík;17550;CEB;Banes Motor È. Budìjovice;2023 / 2024;útoèník;24;30;18;77;71;67;75;65;44;70;89;88;94;51;86;91;66;16;16;44;80;90;22;91;Adam;Kubík;Kubik A.;17. 1. 2024
Adam Musil;49651;PCE;HC Dynamo Pardubice;2023 / 2024;útoèník;26;15;6;74;68;63;54;77;1;-;79;89;91;42;77;47;45;83;77;60;77;48;4;-;Adam;Musil;Musil A.;17. 1. 2024
Adam Najman;54066;LIB;Bílí Tygøi Liberec;2023 / 2024;útoèník;22;33;30;90;84;87;69;85;34;66;57;66;49;79;76;57;27;26;33;21;20;12;91;32;Adam;Najman;Najman A.;17. 1. 2024
Adam Polášek;10878;TRI;HC Oceláøi Tøinec;2023 / 2024;obránce;32;33;4;55;62;38;42;55;12;-;19;83;36;56;6;1;28;68;64;77;-;81;66;92;Adam;Polášek;Polasek A.;17. 1. 2024
Adam Rutar;4132550;OLO;HC Olomouc;2023 / 2024;obránce;21;28;0;12;50;1;8;1;1;-;59;29;61;35;82;89;47;11;15;8;-;13;13;23;Adam;Rutar;Rutar A.;17. 1. 2024
Adam Smith;50;TRI;HC Oceláøi Tøinec;2023 / 2024;obránce;26;32;5;66;93;36;37;47;20;-;47;80;57;76;25;46;2;70;63;70;-;47;78;72;Adam;Smith;Smith A.;17. 1. 2024
Adam Zboøil;14491;KOM;HC Kometa Brno;2023 / 2024;útoèník;27;30;11;38;40;35;18;57;75;9;63;83;69;65;63;45;21;63;59;33;56;60;20;-;Adam;Zboøil;Zboril A.;17. 1. 2024
Adrián Holešinskı;18097;PLZ;HC Škoda Plzeò;2023 / 2024;útoèník;27;31;24;56;36;67;64;70;84;64;66;33;61;54;97;33;90;68;69;38;46;25;57;-;Adrián;Holešinskı;Holesinsky A.;17. 1. 2024
Aleksi Laakso;57;PLZ;HC Škoda Plzeò;2023 / 2024;obránce;33;17;8;50;52;51;29;69;46;-;56;75;65;97;24;1;36;43;47;12;-;12;50;64;Aleksi;Laakso;Laakso A.;17. 1. 2024
Aleksi Rekonen;12;PLZ;HC Škoda Plzeò;2023 / 2024;útoèník;30;32;18;87;80;82;87;79;15;67;38;44;65;25;25;53;19;26;26;47;91;74;36;-;Aleksi;Rekonen;Rekonen A.;17. 1. 2024
Aleš Èech;10083954;MBL;BK Mladá Boleslav;2023 / 2024;obránce;19;24;3;50;74;47;12;65;98;-;49;36;84;12;66;50;57;45;46;84;-;31;6;-;Aleš;Èech;Cech A.;17. 1. 2024
Aleš Jergl;14654;MHK;Mountfield HK;2023 / 2024;útoèník;29;26;14;70;90;56;63;21;61;53;96;95;90;88;45;96;56;88;85;97;92;45;23;-;Aleš;Jergl;Jergl A.;17. 1. 2024
Alex Lintuniemi;10099575;MBL;BK Mladá Boleslav;2023 / 2024;obránce;27;30;8;28;2;61;62;31;70;-;91;73;93;85;51;50;77;90;92;73;-;72;65;96;Alex;Lintuniemi;Lintuniemi A.;17. 1. 2024
Alex Rašner;14657;OLO;HC Olomouc;2023 / 2024;obránce;27;26;7;74;54;80;54;92;43;-;86;58;79;32;94;90;78;26;27;20;-;18;98;-;Alex;Rašner;Rasner A.;17. 1. 2024
Alex Tamáši;51;MHK;Mountfield HK;2023 / 2024;útoèník;25;33;11;79;93;62;27;81;35;1;83;73;77;72;54;63;50;40;29;85;82;14;82;43;Alex;Tamáši;Tamasi A.;17. 1. 2024
Andrej Kudrna;7229427;LIT;HC VERVA Litvínov;2023 / 2024;útoèník;32;34;13;45;25;57;40;63;18;17;73;68;90;52;92;75;7;37;47;10;75;87;65;41;Andrej;Kudrna;Kudrna A.;17. 1. 2024
Andrej Nestrašil;10330;TRI;HC Oceláøi Tøinec;2023 / 2024;útoèník;32;33;29;71;55;66;68;86;19;95;22;64;14;62;19;12;36;55;52;1;64;86;45;48;Andrej;Nestrašil;Nestrasil A.;17. 1. 2024
Antonín Melka;10433;KLA;Rytíøi Kladno;2023 / 2024;útoèník;33;32;5;33;71;14;18;16;89;-;35;33;38;5;59;65;97;38;44;43;10;22;14;14;Antonín;Melka;Melka A.;17. 1. 2024
Aron Chmielewski;41531;OLO;HC Olomouc;2023 / 2024;útoèník;31;11;3;66;86;52;33;71;69;39;66;98;47;60;40;65;71;32;34;1;77;5;53;-;Aron;Chmielewski;Chmielewski A.;17. 1. 2024
Bohumil Jank;10853;MHK;Mountfield HK;2023 / 2024;obránce;31;29;4;29;51;23;70;1;32;-;46;48;41;21;44;86;16;87;78;74;-;53;15;8;Bohumil;Jank;Jank B.;17. 1. 2024
Brant Harris;32;CEB;Banes Motor È. Budìjovice;2023 / 2024;útoèník;33;31;20;57;62;47;59;59;57;65;26;29;50;20;20;42;39;27;24;58;53;25;71;67;Brant;Harris;Harris B.;17. 1. 2024
Dalibor Øezníèek;11223;OLO;HC Olomouc;2023 / 2024;obránce;31;32;13;77;70;69;92;45;1;61;17;45;35;73;41;1;6;93;97;30;-;50;85;98;Dalibor;Øezníèek;Reznicek D.;17. 1. 2024
Dalimil Mikyska;18682;KVA;HC Energie Karlovy Vary;2023 / 2024;obránce;24;21;4;79;50;81;91;60;1;-;58;8;52;64;55;51;89;46;50;97;-;4;98;-;Dalimil;Mikyska;Mikyska D.;17. 1. 2024
Daniel Gazda;17303;KOM;HC Kometa Brno;2023 / 2024;obránce;26;33;22;99;99;97;99;44;21;53;71;70;90;54;40;52;20;72;70;85;-;19;77;-;Daniel;Gazda;Gazda D.;17. 1. 2024
Daniel Kurovskı;15703;TRI;HC Oceláøi Tøinec;2023 / 2024;útoèník;25;34;13;68;45;81;78;49;17;-;48;25;94;11;20;86;22;74;67;93;39;35;32;-;Daniel;Kurovskı;Kurovsky D.;17. 1. 2024
Daniel Malák;10081964;PLZ;HC Škoda Plzeò;2023 / 2024;obránce;21;23;6;92;85;89;84;89;1;-;85;89;67;8;95;95;61;71;74;92;-;63;64;-;Daniel;Malák;Malak D.;17. 1. 2024
Daniel Voenílek;14888;TRI;HC Oceláøi Tøinec;2023 / 2024;útoèník;27;34;24;79;94;59;45;74;50;79;93;72;61;87;85;91;82;64;61;66;84;17;27;-;Daniel;Voenílek;Vozenilek D.;17. 1. 2024
David Bernad;13685;MBL;BK Mladá Boleslav;2023 / 2024;obránce;29;31;5;57;49;57;52;76;97;-;65;69;20;52;49;62;72;84;81;64;-;68;73;-;David;Bernad;Bernad D.;17. 1. 2024
David Cienciala;14107;PCE;HC Dynamo Pardubice;2023 / 2024;útoèník;27;31;22;67;47;70;51;90;13;72;74;75;56;88;40;28;86;41;27;29;89;66;42;-;David;Cienciala;Cienciala D.;17. 1. 2024
David Dvoøáèek;12539;MBL;BK Mladá Boleslav;2023 / 2024;útoèník;31;30;2;3;7;5;13;10;21;-;7;5;24;12;47;11;21;12;11;70;14;76;93;58;David;Dvoøáèek;Dvoracek D.;17. 1. 2024
Dávid Gríger;41581;KVA;HC Energie Karlovy Vary;2023 / 2024;útoèník;29;31;29;96;94;96;98;84;40;46;87;54;88;73;75;81;59;17;17;84;52;4;21;-;Dávid;Gríger;Griger D.;17. 1. 2024
David Kaše;15634;LIT;HC VERVA Litvínov;2023 / 2024;útoèník;26;32;29;87;88;78;60;79;90;69;88;95;81;86;83;39;75;68;71;73;54;54;18;-;David;Kaše;Kase D.;17. 1. 2024
David Kofroò;18961;KVA;HC Energie Karlovy Vary;2023 / 2024;útoèník;24;25;3;4;14;4;21;1;47;-;17;19;14;14;36;6;98;89;88;50;6;96;97;-;David;Kofroò;Kofron D.;17. 1. 2024
David Kvasnièka;19921;PLZ;HC Škoda Plzeò;2023 / 2024;obránce;24;31;3;47;73;30;49;37;81;-;61;52;30;69;92;76;62;66;68;11;-;9;50;7;David;Kvasnièka;Kvasnicka D.;17. 1. 2024
David Musil;11411;PCE;HC Dynamo Pardubice;2023 / 2024;obránce;30;23;6;64;21;73;81;70;14;-;14;34;19;70;3;37;3;97;93;62;-;77;52;19;David;Musil;Musil D.;17. 1. 2024
David Nìmeèek;14256;SPA;HC Sparta Praha;2023 / 2024;obránce;28;31;4;30;30;39;48;57;71;-;39;56;58;26;67;32;80;28;21;9;-;55;30;21;David;Nìmeèek;Nemecek D.;17. 1. 2024
David Škùrek;12848;OLO;HC Olomouc;2023 / 2024;obránce;30;13;0;26;96;1;24;1;39;-;21;78;28;24;14;68;8;48;55;96;-;85;24;67;David;Škùrek;Skurek D.;17. 1. 2024
David Šastnı;17629;MHK;Mountfield HK;2023 / 2024;útoèník;30;33;14;52;43;58;35;75;82;33;92;94;54;83;95;82;79;38;30;72;71;43;95;-;David;Šastnı;Stastny D.;17. 1. 2024
Denis Kusı;17152;KLA;Rytíøi Kladno;2023 / 2024;útoèník;26;24;19;92;76;94;82;95;20;23;72;76;77;43;73;20;94;89;94;74;39;7;57;-;Denis;Kusı;Kusy D.;17. 1. 2024
Denis Zeman;51841;LIT;HC VERVA Litvínov;2023 / 2024;obránce;22;33;3;40;81;22;11;41;83;-;52;33;26;41;89;59;49;47;54;94;-;7;5;79;Denis;Zeman;Zeman D.;17. 1. 2024
Deven Sideroff;48;KLA;Rytíøi Kladno;2023 / 2024;útoèník;26;29;11;40;38;44;70;17;60;18;37;47;48;28;70;50;14;84;89;31;68;25;60;42;Deven;Sideroff;Sideroff D.;17. 1. 2024
Dominik Lakatoš;15669;VIT;HC Vítkovice RIDERA;2023 / 2024;útoèník;26;30;20;57;81;46;62;12;55;62;82;75;53;67;68;70;88;53;56;59;70;85;30;8;Dominik;Lakatoš;Lakatos D.;17. 1. 2024
Dominik Simon;13;CEB;Banes Motor È. Budìjovice;2023 / 2024;útoèník;29;30;12;42;28;50;44;65;41;20;39;60;32;66;5;20;81;57;54;11;98;78;54;-;Dominik;Simon;Simon D.;17. 1. 2024
Eduards Tralmaks;52;KLA;Rytíøi Kladno;2023 / 2024;útoèník;26;32;22;61;42;69;92;44;92;91;40;57;60;27;35;38;57;92;93;25;74;48;11;-;Eduards;Tralmaks;Tralmaks E.;17. 1. 2024
Evan Jasper;35;MHK;Mountfield HK;2023 / 2024;útoèník;31;34;16;39;26;46;55;53;37;57;1;3;30;8;1;27;16;10;7;27;34;32;44;-;Evan;Jasper;Jasper E.;17. 1. 2024
Filip Chlapík;15568;SPA;HC Sparta Praha;2023 / 2024;útoèník;26;30;31;94;63;98;94;99;63;30;96;97;75;96;97;97;80;93;92;55;5;69;33;-;Filip;Chlapík;Chlapik F.;17. 1. 2024
Filip Jansa;10079000;PLZ;HC Škoda Plzeò;2023 / 2024;útoèník;21;32;5;22;22;31;59;21;8;-;5;14;5;34;15;10;10;33;37;13;65;20;86;75;Filip;Jansa;Jansa F.;17. 1. 2024
Filip Koffer;1690717;KVA;HC Energie Karlovy Vary;2023 / 2024;útoèník;22;32;8;35;10;53;73;52;30;-;8;11;10;19;21;24;3;62;63;97;38;89;5;79;Filip;Koffer;Koffer F.;17. 1. 2024
Filip Pavlík;11583;MBL;BK Mladá Boleslav;2023 / 2024;obránce;31;32;5;23;22;37;33;46;42;-;44;81;14;51;35;88;11;21;16;39;-;96;40;-;Filip;Pavlík;Pavlik F.;17. 1. 2024
Filip Pøikryl;1055796;CEB;Banes Motor È. Budìjovice;2023 / 2024;útoèník;22;33;14;66;48;73;67;81;16;7;52;42;20;47;33;57;94;71;65;95;50;46;52;44;Filip;Pøikryl;Prikryl F.;17. 1. 2024
Filip Pyrochta;14636;MBL;BK Mladá Boleslav;2023 / 2024;obránce;27;34;16;27;64;25;32;35;31;85;89;71;44;82;97;87;93;57;60;18;-;10;87;-;Filip;Pyrochta;Pyrochta F.;17. 1. 2024
Filip Suchı;17142;MBL;BK Mladá Boleslav;2023 / 2024;útoèník;25;23;3;16;55;5;3;24;54;-;14;10;55;26;6;17;9;85;84;79;28;20;93;56;Filip;Suchı;Suchy F.;17. 1. 2024
Giorgio Estephan;10099336;MHK;Mountfield HK;2023 / 2024;útoèník;26;22;12;56;47;65;89;11;39;31;47;50;76;17;8;69;74;81;81;77;18;29;40;-;Giorgio;Estephan;Estephan G.;17. 1. 2024
Chris Martenet;41;KLA;Rytíøi Kladno;2023 / 2024;obránce;26;29;2;18;37;20;58;20;60;-;3;4;18;25;2;1;23;61;65;51;-;26;3;54;Chris;Martenet;Martenet C.;17. 1. 2024
Christophe Lalancette;318379;MHK;Mountfield HK;2023 / 2024;útoèník;29;34;17;13;9;23;38;40;55;25;68;56;34;81;44;80;49;65;64;84;53;37;77;-;Christophe;Lalancette;Lalancette C.;17. 1. 2024
Ian McCoshen;42;LIB;Bílí Tygøi Liberec;2023 / 2024;obránce;28;34;9;59;38;65;40;81;53;23;66;27;62;50;75;65;89;86;89;21;-;62;33;49;Ian;McCoshen;McCoshen I.;17. 1. 2024
Iikka Kangasniemi;36;KVA;HC Energie Karlovy Vary;2023 / 2024;útoèník;28;25;14;65;87;57;7;82;88;11;64;47;39;90;81;77;28;6;9;45;16;3;94;-;Iikka;Kangasniemi;Kangasniemi I.;17. 1. 2024
Jáchym Kondelík;56;CEB;Banes Motor È. Budìjovice;2023 / 2024;útoèník;23;22;19;82;77;76;40;94;80;96;30;30;36;77;22;4;36;35;41;16;89;54;76;59;Jáchym;Kondelík;Kondelik J.;17. 1. 2024
Jake Dotchin;10082784;KLA;Rytíøi Kladno;2023 / 2024;obránce;29;27;15;80;56;84;51;96;87;34;29;66;15;47;26;1;65;39;43;76;-;37;7;14;Jake;Dotchin;Dotchin J.;17. 1. 2024
Jakub Babka;12028;KLA;Rytíøi Kladno;2023 / 2024;obránce;31;29;1;2;10;1;11;1;52;-;42;14;86;1;76;99;26;1;1;1;-;14;94;-;Jakub;Babka;Babka J.;17. 1. 2024
Jakub Dvoøák;10086113;LIB;Bílí Tygøi Liberec;2023 / 2024;obránce;18;19;3;84;65;83;94;22;95;-;38;1;71;40;61;64;9;23;24;99;-;95;2;-;Jakub;Dvoøák;Dvorak J.;17. 1. 2024
Jakub Jeøábek;10842;TRI;HC Oceláøi Tøinec;2023 / 2024;obránce;32;34;17;17;23;32;2;53;44;77;51;67;31;89;36;41;45;50;45;27;-;66;84;99;Jakub;Jeøábek;Jerabek J.;17. 1. 2024
Jakub Klepiš;2219;KLA;Rytíøi Kladno;2023 / 2024;útoèník;39;30;24;67;58;73;35;96;27;60;31;59;4;85;59;25;24;77;82;40;19;43;26;-;Jakub;Klepiš;Klepis J.;17. 1. 2024
Jakub Koneènı;9422597;SPA;HC Sparta Praha;2023 / 2024;útoèník;21;32;7;32;27;32;25;56;71;-;63;52;56;58;87;40;54;6;4;52;58;56;85;9;Jakub;Koneènı;Konecny J.;17. 1. 2024
Jakub Kos;10082389;KOM;HC Kometa Brno;2023 / 2024;útoèník;20;18;6;63;35;80;57;69;28;-;52;45;70;41;27;74;28;12;13;26;93;98;87;-;Jakub;Kos;Kos J.;17. 1. 2024
Jakub Kotala;14050;VIT;HC Vítkovice RIDERA;2023 / 2024;útoèník;27;16;5;31;31;32;38;55;9;-;41;59;40;30;61;73;20;21;23;32;67;35;97;-;Jakub;Kotala;Kotala J.;17. 1. 2024
Jakub Krejèík;11158;SPA;HC Sparta Praha;2023 / 2024;obránce;32;33;8;70;77;55;57;58;59;1;80;88;70;86;91;1;90;89;87;13;-;24;38;-;Jakub;Krejèík;Krejcik J.;17. 1. 2024
Jakub Lev;10988;PLZ;HC Škoda Plzeò;2023 / 2024;útoèník;32;32;17;36;29;42;65;28;84;58;11;40;12;21;32;11;38;22;22;1;49;71;17;13;Jakub;Lev;Lev J.;17. 1. 2024
Jakub Navrátil;31781;OLO;HC Olomouc;2023 / 2024;útoèník;24;34;22;84;70;88;96;67;28;32;46;63;37;31;85;40;41;4;4;48;71;80;69;-;Jakub;Navrátil;Navratil J.;17. 1. 2024
Jakub Orsava;12797;OLO;HC Olomouc;2023 / 2024;útoèník;32;26;11;44;66;34;26;42;30;37;73;65;66;59;80;60;31;25;28;56;81;9;19;17;Jakub;Orsava;Orsava J.;17. 1. 2024
Jakub Pour;21081;PLZ;HC Škoda Plzeò;2023 / 2024;útoèník;24;30;11;53;67;41;36;71;62;38;86;80;71;44;79;84;92;70;73;65;61;53;13;-;Jakub;Pour;Pour J.;17. 1. 2024
Jakub Rychlovskı;53011;LIB;Bílí Tygøi Liberec;2023 / 2024;útoèník;22;36;31;93;89;87;90;75;67;56;83;69;86;84;91;63;44;13;15;46;25;27;61;99;Jakub;Rychlovskı;Rychlovsky J.;17. 1. 2024
Jakub Sirota;49;OLO;HC Olomouc;2023 / 2024;obránce;24;27;9;89;94;76;79;75;55;31;96;61;92;89;63;91;86;81;88;36;-;50;42;9;Jakub;Sirota;Sirota J.;17. 1. 2024
Jakub Strnad;11179;KLA;Rytíøi Kladno;2023 / 2024;útoèník;31;24;2;6;22;4;30;1;36;-;12;18;19;24;11;22;66;2;6;19;24;6;5;71;Jakub;Strnad;Strnad J.;17. 1. 2024
Jakub Valskı;8918;CEB;Banes Motor È. Budìjovice;2023 / 2024;útoèník;34;27;11;71;44;86;90;39;22;-;75;55;87;63;30;85;18;96;94;75;91;85;6;-;Jakub;Valskı;Valsky J.;17. 1. 2024
Jan Bambula;36851;OLO;HC Olomouc;2023 / 2024;útoèník;23;30;12;35;54;25;50;17;97;-;68;70;79;42;22;50;56;75;80;94;88;91;73;83;Jan;Bambula;Bambula J.;17. 1. 2024
Jan Buchtele;10883;SPA;HC Sparta Praha;2023 / 2024;útoèník;33;34;8;31;32;26;69;6;47;-;19;43;49;27;46;13;4;45;39;63;3;42;25;50;Jan;Buchtele;Buchtele J.;17. 1. 2024
Jan Eberle;9498;MHK;Mountfield HK;2023 / 2024;útoèník;34;22;3;22;38;21;39;7;54;-;44;55;72;17;29;71;76;76;74;18;15;82;78;-;Jan;Eberle;Eberle J.;17. 1. 2024
Jan Hladonik;18968;KVA;HC Energie Karlovy Vary;2023 / 2024;útoèník;24;31;13;50;75;35;19;60;58;83;23;12;59;10;50;44;60;61;63;27;16;45;47;-;Jan;Hladonik;Hladonik J.;17. 1. 2024
Jan Káòa;12325;OLO;HC Olomouc;2023 / 2024;útoèník;32;25;11;41;79;19;9;64;33;92;53;73;18;77;49;27;45;34;42;71;95;27;64;-;Jan;Káòa;Kana J.;17. 1. 2024
Jan Knotek;10144;OLO;HC Olomouc;2023 / 2024;útoèník;35;34;9;12;49;7;5;13;62;56;46;44;32;46;55;31;84;69;75;41;63;79;12;51;Jan;Knotek;Knotek J.;17. 1. 2024
Jan Koláø;6601;PCE;HC Dynamo Pardubice;2023 / 2024;obránce;37;28;5;56;31;59;60;59;57;-;15;81;23;57;4;1;39;10;7;19;-;28;71;-;Jan;Koláø;Kolar J.;17. 1. 2024
Jan Košálek;14506;PCE;HC Dynamo Pardubice;2023 / 2024;obránce;28;24;13;67;59;56;44;72;49;42;97;98;78;92;77;89;76;38;33;44;-;3;53;-;Jan;Košálek;Kostalek J.;17. 1. 2024
Jan Mandát;14310;PCE;HC Dynamo Pardubice;2023 / 2024;útoèník;27;30;8;14;11;20;28;47;42;-;49;67;34;50;26;54;70;86;79;36;85;18;25;80;Jan;Mandát;Mandat J.;17. 1. 2024
Jan Ordoš;14965;CEB;Banes Motor È. Budìjovice;2023 / 2024;útoèník;27;33;17;53;40;61;66;46;65;34;19;24;63;34;14;19;25;24;21;8;27;74;59;78;Jan;Ordoš;Ordos J.;17. 1. 2024
Jan Piskáèek;9521;PLZ;HC Škoda Plzeò;2023 / 2024;obránce;33;32;9;78;46;82;73;90;13;-;31;31;24;49;22;73;40;24;18;57;-;90;4;77;Jan;Piskáèek;Piskacek J.;17. 1. 2024
Jan Schleiss;13640;PLZ;HC Škoda Plzeò;2023 / 2024;útoèník;28;32;10;7;17;12;5;22;96;55;50;49;45;22;91;55;67;28;28;24;65;52;46;-;Jan;Schleiss;Schleiss J.;17. 1. 2024
Jan Stránskı;9676;MBL;BK Mladá Boleslav;2023 / 2024;útoèník;33;23;0;1;12;1;8;1;46;-;3;14;9;1;24;3;17;13;12;41;59;61;19;45;Jan;Stránskı;Stransky J.;17. 1. 2024
Jan Šèotka;14190;KOM;HC Kometa Brno;2023 / 2024;obránce;27;29;20;38;6;74;43;87;34;94;84;63;69;62;62;70;67;55;49;66;-;39;75;74;Jan;Šèotka;Scotka J.;17. 1. 2024
Jan Šír;36171;LIB;Bílí Tygøi Liberec;2023 / 2024;útoèník;23;35;6;12;1;28;56;30;61;-;4;3;3;39;7;45;23;3;2;17;13;97;4;20;Jan;Šír;Sir J.;17. 1. 2024
Jan Štencel;13684;CEB;Banes Motor È. Budìjovice;2023 / 2024;obránce;28;33;12;52;92;18;30;39;89;69;57;57;42;83;12;43;68;85;84;79;-;88;82;11;Jan;Štencel;Stencel J.;17. 1. 2024
Jan Švrèek;5625;OLO;HC Olomouc;2023 / 2024;obránce;37;32;2;10;29;8;16;11;93;-;7;43;1;55;30;1;18;7;9;22;-;40;28;57;Jan;Švrèek;Svrcek J.;17. 1. 2024
Jan Závora;10081997;MBL;BK Mladá Boleslav;2023 / 2024;útoèník;21;24;1;1;6;3;28;1;24;-;1;1;2;3;20;1;18;48;46;18;42;39;89;-;Jan;Závora;Zavora J.;17. 1. 2024
Jani Lajunen;40;SPA;HC Sparta Praha;2023 / 2024;útoèník;33;29;13;42;45;43;20;45;36;14;70;56;41;96;70;23;74;96;95;35;83;4;18;92;Jani;Lajunen;Lajunen J.;17. 1. 2024
Janis Jaks;10083186;LIT;HC VERVA Litvínov;2023 / 2024;obránce;28;26;14;75;69;66;55;64;73;47;43;60;50;66;68;1;37;35;40;52;-;8;47;-;Janis;Jaks;Jaks J.;17. 1. 2024
Jaromír Pérez;10095907;LIB;Bílí Tygøi Liberec;2023 / 2024;útoèník;18;32;7;34;18;48;52;38;89;-;32;21;33;76;60;35;11;55;54;34;24;59;13;-;Jaromír;Pérez;Perez Lisa J.;17. 1. 2024
Jaromír Pytlík;50181;KLA;Rytíøi Kladno;2023 / 2024;útoèník;22;32;11;40;61;29;45;31;52;41;28;16;28;7;46;52;61;80;78;98;40;63;61;27;Jaromír;Pytlík;Pytlik J.;17. 1. 2024
Jaroslav Vlach;11825;LIB;Bílí Tygøi Liberec;2023 / 2024;útoèník;31;36;17;60;21;81;89;58;38;43;13;34;31;35;16;5;5;19;20;69;40;95;3;95;Jaroslav;Vlach;Vlach J.;17. 1. 2024
Jayce Hawryluk;33;LIB;Bílí Tygøi Liberec;2023 / 2024;útoèník;27;23;12;85;88;74;42;95;82;24;77;38;26;98;69;66;98;83;87;71;19;75;28;-;Jayce;Hawryluk;Hawryluk J.;17. 1. 2024
Jérémie Ouellet-Blain;317639;MHK;Mountfield HK;2023 / 2024;obránce;31;33;22;62;43;64;63;68;30;91;68;43;76;78;37;27;46;53;44;71;-;86;43;15;Jérémie;Ouellet-Blain;Ouellet-Blain J.;17. 1. 2024
Jindøich Abdul;14203;LIT;HC VERVA Litvínov;2023 / 2024;útoèník;27;34;28;97;96;96;86;98;73;40;97;96;87;98;93;90;87;24;27;22;36;16;76;-;Jindøich;Abdul;Abdul J.;17. 1. 2024
Jiøí Èernoch;15234;KVA;HC Energie Karlovy Vary;2023 / 2024;útoèník;27;32;14;47;62;38;33;54;59;49;25;47;31;76;33;12;27;18;18;22;21;36;27;98;Jiøí;Èernoch;Cernoch J.;17. 1. 2024
Jiøí Ondrušek;5430;OLO;HC Olomouc;2023 / 2024;obránce;37;34;16;30;45;45;36;43;50;55;60;87;55;45;69;26;64;22;30;23;-;99;45;63;Jiøí;Ondrušek;Ondrusek J.;17. 1. 2024
Jiøí Ticháèek;10081972;KLA;Rytíøi Kladno;2023 / 2024;obránce;20;32;30;91;89;93;95;52;80;99;88;84;88;11;93;96;74;95;99;95;-;46;44;12;Jiøí;Ticháèek;Tichacek J.;17. 1. 2024
Joachim Rohdin;58;MBL;BK Mladá Boleslav;2023 / 2024;útoèník;31;21;3;21;57;13;8;22;5;-;25;22;59;40;48;8;40;21;25;1;46;47;53;-;Joachim;Rohdin;Rohdin J.;17. 1. 2024
Jonáš Peterek;36801;VIT;HC Vítkovice RIDERA;2023 / 2024;útoèník;22;14;4;19;16;27;53;28;14;-;5;1;11;11;42;4;68;42;49;38;8;95;97;-;Jonáš;Peterek;Peterek J.;17. 1. 2024
Joona Huttula;5;KVA;HC Energie Karlovy Vary;2023 / 2024;obránce;26;32;2;35;86;17;47;16;92;-;30;6;66;22;15;55;63;76;83;81;-;30;58;-;Joona;Huttula;Huttula J.;17. 1. 2024
Jordann Perret;10079644;MHK;Mountfield HK;2023 / 2024;útoèník;29;32;14;20;19;26;32;45;60;52;70;25;75;45;62;79;91;57;57;42;29;11;43;10;Jordann;Perret;Perret J.;17. 1. 2024
Josef Koláèek;10079493;CEB;Banes Motor È. Budìjovice;2023 / 2024;útoèník;21;19;3;27;23;34;66;13;34;-;26;30;4;44;14;13;97;73;70;86;63;40;85;-;Josef;Koláèek;Kolacek J.;17. 1. 2024
Josh Kestner;38;SPA;HC Sparta Praha;2023 / 2024;útoèník;29;28;18;63;73;54;29;78;95;84;94;98;97;92;89;95;73;52;48;13;17;1;49;-;Josh;Kestner;Kestner J.;17. 1. 2024
Juhamatti Aaltonen;28;MBL;BK Mladá Boleslav;2023 / 2024;útoèník;38;25;16;41;73;24;17;52;3;92;24;53;12;64;23;30;17;31;30;80;27;12;71;-;Juhamatti;Aaltonen;Aaltonen J.;17. 1. 2024
Juraj Mikuš;47341;VIT;HC Vítkovice RIDERA;2023 / 2024;obránce;34;31;10;61;79;60;1;70;37;-;20;55;27;27;50;29;50;98;98;15;-;41;61;39;Juraj;Mikuš;Mikus J.;17. 1. 2024
Karel Plášek;31831;OLO;HC Olomouc;2023 / 2024;útoèník;23;15;6;10;15;17;30;19;27;51;14;8;18;3;17;7;81;7;10;88;44;32;87;-;Karel;Plášek;Plasek K.;17. 1. 2024
Kelly Klíma;10097779;LIB;Bílí Tygøi Liberec;2023 / 2024;útoèník;26;35;11;38;16;52;46;55;76;27;77;21;74;56;90;83;85;74;76;66;7;33;6;88;Kelly;Klíma;Klima Kl.;17. 1. 2024
Kevin Czuczman;31;LIT;HC VERVA Litvínov;2023 / 2024;obránce;32;34;4;49;72;34;4;67;76;-;48;10;80;31;74;53;70;94;96;32;-;75;25;70;Kevin;Czuczman;Czuczman K.;17. 1. 2024
Kristaps Zile;5607414;LIT;HC VERVA Litvínov;2023 / 2024;obránce;25;34;6;16;5;33;30;40;68;20;6;11;25;11;22;45;1;44;50;25;-;97;29;22;Kristaps;Zile;Zile K.;17. 1. 2024
Kristián Pospíšil;24;KOM;HC Kometa Brno;2023 / 2024;útoèník;27;29;19;88;92;75;73;66;68;45;98;91;85;87;96;98;92;39;35;51;78;34;1;-;Kristián;Pospíšil;Pospisil K.;17. 1. 2024
Kryštof Hrabík;18923;PLZ;HC Škoda Plzeò;2023 / 2024;útoèník;24;31;5;7;8;13;23;9;1;35;16;8;6;48;38;28;41;8;8;19;30;80;24;87;Kryštof;Hrabík;Hrabik K.;17. 1. 2024
Liam Kirk;39;LIT;HC VERVA Litvínov;2023 / 2024;útoèník;23;34;21;88;96;76;77;42;83;61;95;87;96;82;77;71;78;27;31;61;84;39;41;-;Liam;Kirk;Kirk L.;17. 1. 2024
Libor Hudáèek;5370635;TRI;HC Oceláøi Tøinec;2023 / 2024;útoèník;32;18;15;98;98;99;95;97;81;-;76;97;84;85;25;74;2;35;36;24;93;75;74;-;Libor;Hudáèek;Hudacek L.;17. 1. 2024
Lukas Zetterberg;55;KVA;HC Energie Karlovy Vary;2023 / 2024;útoèník;26;25;9;37;46;28;27;60;13;47;21;20;16;79;13;44;6;90;93;1;54;56;79;-;Lukas;Zetterberg;Zetterberg L.;17. 1. 2024
Lukáš Andìl;15078;OLO;HC Olomouc;2023 / 2024;útoèník;25;26;7;19;7;33;6;90;32;-;10;28;3;16;12;14;69;22;24;74;23;98;80;-;Lukáš;Andìl;Andel L.;17. 1. 2024
Lukáš Cingel;19881;KOM;HC Kometa Brno;2023 / 2024;útoèník;31;33;19;61;65;51;47;67;45;77;33;6;28;57;28;67;44;65;60;61;13;29;69;6;Lukáš;Cingel;Cingel L.;17. 1. 2024
Lukáš Derner;6949;LIB;Bílí Tygøi Liberec;2023 / 2024;obránce;39;34;2;8;9;10;17;13;99;-;11;2;64;3;57;1;59;19;26;49;-;56;11;29;Lukáš;Derner;Derner L.;17. 1. 2024
Lukáš Kaòák;15225;KOM;HC Kometa Brno;2023 / 2024;obránce;26;22;4;71;71;67;64;32;26;-;54;70;12;99;8;92;42;33;37;28;-;25;93;-;Lukáš;Kaòák;Kanak L.;17. 1. 2024
Lukáš Klimek;8483;OLO;HC Olomouc;2023 / 2024;útoèník;36;29;4;11;30;10;14;18;59;-;34;51;64;22;61;34;10;94;98;47;60;96;48;34;Lukáš;Klimek;Klimek L.;17. 1. 2024
Lukáš Kováø;11621;VIT;HC Vítkovice RIDERA;2023 / 2024;obránce;31;24;3;43;35;53;88;26;48;-;11;17;9;30;11;40;27;5;6;43;-;67;67;95;Lukáš;Kováø;Kovar L.;17. 1. 2024
Lukáš Kucsera;11200;OLO;HC Olomouc;2023 / 2024;útoèník;32;17;8;65;35;88;68;66;70;-;18;45;33;66;10;8;13;60;70;1;57;7;97;-;Lukáš;Kucsera;Kucsera L.;17. 1. 2024
Lukáš Mareš;20921;OLO;HC Olomouc;2023 / 2024;obránce;24;15;1;11;14;16;26;23;1;-;9;12;30;6;20;72;34;2;3;10;-;32;83;-;Lukáš;Mareš;Mares L.;17. 1. 2024
Lukáš Nahodil;9949;OLO;HC Olomouc;2023 / 2024;útoèník;35;30;12;46;63;37;34;48;22;54;78;74;71;52;51;42;85;29;38;75;90;2;21;-;Lukáš;Nahodil;Nahodil L.;17. 1. 2024
Lukáš Pech;1099;CEB;Banes Motor È. Budìjovice;2023 / 2024;útoèník;39;13;3;26;21;40;7;68;98;2;36;32;8;99;12;54;31;17;19;76;21;6;84;-;Lukáš;Pech;Pech L.;17. 1. 2024
Lukáš Pulpán;7136;KVA;HC Energie Karlovy Vary;2023 / 2024;obránce;38;21;1;11;28;12;14;15;88;-;12;21;48;58;31;1;30;12;14;3;-;11;60;36;Lukáš;Pulpán;Pulpan L.;17. 1. 2024
Lukáš Radil;10440;PCE;HC Dynamo Pardubice;2023 / 2024;útoèník;33;32;29;82;46;95;99;37;16;79;87;80;81;78;98;97;25;23;18;69;4;31;75;-;Lukáš;Radil;Radil L.;17. 1. 2024
Lukáš Sedlák;12978;PCE;HC Dynamo Pardubice;2023 / 2024;útoèník;30;30;29;95;95;90;93;76;99;97;99;88;93;84;80;94;96;85;76;96;62;53;17;-;Lukáš;Sedlák;Sedlak L.;17. 1. 2024
Lukáš Válek;14465;LIT;HC VERVA Litvínov;2023 / 2024;útoèník;29;27;12;83;61;90;96;49;31;22;60;26;52;48;64;61;57;1;3;94;56;23;81;-;Lukáš;Válek;Valek L.;17. 1. 2024
Lukáš Vopelka;14879;CEB;Banes Motor È. Budìjovice;2023 / 2024;útoèník;27;19;2;9;12;18;26;16;88;-;42;78;39;59;16;16;32;98;98;64;96;66;9;-;Lukáš;Vopelka;Vopelka L.;17. 1. 2024
Marcel Barinka;38171;VIT;HC Vítkovice RIDERA;2023 / 2024;útoèník;22;14;11;84;76;89;97;27;7;-;13;21;44;33;5;1;14;31;33;81;26;60;97;-;Marcel;Barinka;Barinka M.;17. 1. 2024
Marek Baránek;13911;LIT;HC VERVA Litvínov;2023 / 2024;obránce;28;31;13;63;84;35;50;38;22;58;32;52;40;46;55;31;19;4;2;86;-;59;26;2;Marek;Baránek;Baranek M.;17. 1. 2024
Marek Ïaloga;18160;KOM;HC Kometa Brno;2023 / 2024;obránce;34;32;12;90;91;89;38;98;51;-;94;32;96;38;99;97;99;30;28;89;-;33;88;1;Marek;Ïaloga;Daloga M.;17. 1. 2024
Marek Kalus;12936;VIT;HC Vítkovice RIDERA;2023 / 2024;útoèník;30;29;17;44;83;22;15;26;46;52;69;59;58;32;52;69;75;73;74;82;88;94;38;18;Marek;Kalus;Kalus M.;17. 1. 2024
Marek Zachar;17902;MHK;Mountfield HK;2023 / 2024;útoèník;25;23;3;8;17;11;19;8;90;-;7;11;30;6;43;43;1;16;12;17;7;97;82;76;Marek;Zachar;Zachar M.;17. 1. 2024
Marian Adámek;15156;TRI;HC Oceláøi Tøinec;2023 / 2024;obránce;26;30;7;65;17;79;78;78;86;-;50;86;68;70;34;1;14;77;71;50;-;38;57;-;Marian;Adámek;Adamek M.;17. 1. 2024
Mario Grman;10083232;VIT;HC Vítkovice RIDERA;2023 / 2024;obránce;26;29;3;24;40;24;50;34;54;-;40;45;5;77;70;57;17;92;91;70;-;6;20;44;Mario;Grman;Grman M.;17. 1. 2024
Marko Daòo;16023;TRI;HC Oceláøi Tøinec;2023 / 2024;útoèník;28;18;19;99;99;98;95;96;79;80;94;85;97;67;67;98;47;70;66;93;97;1;26;-;Marko;Daòo;Dano M.;17. 1. 2024
Martin Beránek;39381;CEB;Banes Motor È. Budìjovice;2023 / 2024;útoèník;22;31;12;62;75;56;48;40;72;-;45;39;79;19;55;46;62;41;34;9;61;88;50;55;Martin;Beránek;Beranek M.;17. 1. 2024
Martin Buèko;10082096;PCE;HC Dynamo Pardubice;2023 / 2024;obránce;23;20;7;87;63;95;27;99;94;-;72;99;73;81;30;1;24;9;8;75;-;16;89;-;Martin;Buèko;Bucko M.;17. 1. 2024
Martin Faško-Rudáš;10079542;LIB;Bílí Tygøi Liberec;2023 / 2024;útoèník;23;32;15;73;78;65;57;50;71;36;38;8;50;41;84;56;51;5;7;39;5;8;59;60;Martin;Faško-Rudáš;Fasko-Rudas M.;17. 1. 2024
Martin Hanzl;13089;CEB;Banes Motor È. Budìjovice;2023 / 2024;útoèník;29;18;4;24;44;18;31;14;23;21;62;66;47;74;34;36;71;42;46;28;94;38;73;-;Martin;Hanzl;Hanzl M.;17. 1. 2024
Martin Havelka;17112;LIT;HC VERVA Litvínov;2023 / 2024;útoèník;25;33;2;4;1;8;10;35;93;-;2;2;1;18;1;9;20;90;91;87;72;31;24;94;Martin;Havelka;Havelka M.;17. 1. 2024
Martin Kaut;21531;PCE;HC Dynamo Pardubice;2023 / 2024;útoèník;23;24;22;95;81;94;97;84;18;97;85;99;98;24;94;59;61;59;52;68;70;15;30;23;Martin;Kaut;Kaut M.;17. 1. 2024
Martin Kohout;14193;KOM;HC Kometa Brno;2023 / 2024;útoèník;28;24;3;26;51;16;10;25;75;-;95;91;78;81;84;94;37;50;45;90;96;49;46;-;Martin;Kohout;Kohout M.;17. 1. 2024
Martin Marinèin;16247;TRI;HC Oceláøi Tøinec;2023 / 2024;obránce;31;34;14;85;97;70;4;97;33;6;82;91;72;96;46;24;21;60;56;87;-;15;69;65;Martin;Marinèin;Marincin M.;17. 1. 2024
Martin Plánìk;10211;MHK;Mountfield HK;2023 / 2024;obránce;32;33;7;54;42;62;39;80;56;-;53;64;43;79;39;28;51;83;82;48;-;64;74;81;Martin;Plánìk;Planek M.;17. 1. 2024
Martin Procházka;13766;KLA;Rytíøi Kladno;2023 / 2024;útoèník;29;32;12;75;53;82;77;70;66;10;34;40;38;21;32;26;95;1;1;46;35;19;39;-;Martin;Procházka;Prochazka M.;17. 1. 2024
Martin Rùièka;6360;TRI;HC Oceláøi Tøinec;2023 / 2024;útoèník;37;32;32;86;85;80;71;73;17;85;61;90;74;65;8;76;5;36;39;33;76;40;56;-;Martin;Rùièka;Ruzicka M.;17. 1. 2024
Martin Zaoviè;6886;KOM;HC Kometa Brno;2023 / 2024;útoèník;38;33;16;69;39;79;72;77;10;12;40;35;51;69;6;89;3;34;38;57;36;30;34;26;Martin;Zaoviè;Zatovic M.;17. 1. 2024
Matìj Chalupa;18941;MHK;Mountfield HK;2023 / 2024;útoèník;25;23;5;46;37;50;17;83;51;-;54;70;65;8;56;61;53;20;16;77;73;99;88;-;Matìj;Chalupa;Chalupa M.;17. 1. 2024
Matej Pauloviè;2491895;PCE;HC Dynamo Pardubice;2023 / 2024;útoèník;29;28;12;55;24;70;74;69;20;-;56;35;57;89;49;67;8;77;73;39;45;69;84;39;Matej;Pauloviè;Paulovic M.;17. 1. 2024
Matìj Støíteskı;9447;KVA;HC Energie Karlovy Vary;2023 / 2024;obránce;32;32;6;19;26;27;66;14;10;12;30;11;11;28;48;77;43;54;59;90;-;76;35;84;Matìj;Støíteskı;Stritesky M.;17. 1. 2024
Matìj Toman;39351;CEB;Banes Motor È. Budìjovice;2023 / 2024;útoèník;23;28;5;13;13;22;46;20;70;-;29;36;7;49;31;41;64;82;84;56;48;62;72;62;Matìj;Toman;Toman M.;17. 1. 2024
Matouš Menšík;10082161;OLO;HC Olomouc;2023 / 2024;útoèník;20;17;1;6;11;7;39;1;1;-;27;26;10;29;83;46;72;66;75;1;45;93;10;-;Matouš;Menšík;Mensik M.;17. 1. 2024
Matti Järvinen;34;MBL;BK Mladá Boleslav;2023 / 2024;útoèník;33;29;17;14;36;10;11;39;10;99;11;18;15;46;9;29;4;58;62;54;43;19;28;2;Matti;Järvinen;Jarvinen M.;17. 1. 2024
Matúš Sukel´;2491887;LIT;HC VERVA Litvínov;2023 / 2024;útoèník;27;11;8;97;97;97;87;72;8;30;53;71;36;95;65;5;53;60;68;1;85;73;36;93;Matúš;Sukel´;Sukel M.;17. 1. 2024
Michael Frolík;8758;KLA;Rytíøi Kladno;2023 / 2024;útoèník;35;19;4;33;69;19;12;34;26;16;57;76;60;36;48;34;82;79;80;85;33;10;92;-;Michael;Frolík;Frolik M.;17. 1. 2024
Michal Birner;7961;LIB;Bílí Tygøi Liberec;2023 / 2024;útoèník;37;29;9;25;25;30;41;32;49;12;48;32;25;74;50;70;58;88;90;65;2;3;88;-;Michal;Birner;Birner M.;17. 1. 2024
Michal Bulíø;11304;LIB;Bílí Tygøi Liberec;2023 / 2024;útoèník;32;32;16;48;28;62;52;48;50;42;80;41;76;73;87;81;35;95;96;95;18;8;62;-;Michal;Bulíø;Bulir M.;17. 1. 2024
Michal Gulaši;7926;CEB;Banes Motor È. Budìjovice;2023 / 2024;obránce;37;31;1;5;4;9;19;12;27;-;4;7;4;9;5;56;13;13;11;26;-;84;31;91;Michal;Gulaši;Gulasi M.;17. 1. 2024
Michal Gut;10077703;LIT;HC VERVA Litvínov;2023 / 2024;útoèník;21;25;4;24;3;49;76;11;74;-;6;5;8;15;30;3;34;30;40;49;51;84;12;21;Michal;Gut;Gut M.;17. 1. 2024
Michal Houdek;51951;PLZ;HC Škoda Plzeò;2023 / 2024;obránce;23;26;5;53;11;78;53;85;74;-;55;54;54;44;33;1;92;58;61;89;-;78;27;37;Michal;Houdek;Houdek M.;17. 1. 2024
Michal Hrádek;4132419;PCE;HC Dynamo Pardubice;2023 / 2024;obránce;21;21;3;46;70;31;17;62;1;-;13;62;34;67;21;1;4;52;39;63;-;74;70;-;Michal;Hrádek;Hradek M.;17. 1. 2024
Michal Ivan;10096585;LIB;Bílí Tygøi Liberec;2023 / 2024;obránce;24;35;10;83;58;77;90;50;47;-;81;16;97;37;90;83;84;74;79;47;-;44;90;86;Michal;Ivan;Ivan M.;17. 1. 2024
Michal Kempnı;13000;SPA;HC Sparta Praha;2023 / 2024;obránce;33;34;24;97;80;96;93;93;63;80;77;79;87;29;83;49;91;27;23;7;-;48;59;68;Michal;Kempnı;Kempny M.;17. 1. 2024
Michal Kunc;30611;OLO;HC Olomouc;2023 / 2024;útoèník;22;33;17;59;31;74;75;73;19;13;33;39;46;10;88;32;48;8;10;42;31;62;62;90;Michal;Kunc;Kunc M.;17. 1. 2024
Michal Moravèík;14253;SPA;HC Sparta Praha;2023 / 2024;obránce;29;31;7;82;57;72;72;74;75;-;64;93;53;68;58;1;96;96;94;40;-;35;23;60;Michal;Moravèík;Moravcik M.;17. 1. 2024
Michal Plutnar;13276;KVA;HC Energie Karlovy Vary;2023 / 2024;obránce;29;33;13;68;78;58;31;73;62;50;27;37;21;17;59;42;66;30;36;88;-;52;22;43;Michal;Plutnar;Plutnar M.;17. 1. 2024
Michal Øepík;8701;SPA;HC Sparta Praha;2023 / 2024;útoèník;35;32;27;74;50;83;55;80;38;83;89;96;85;80;98;96;32;91;88;8;57;52;35;-;Michal;Øepík;Repik M.;17. 1. 2024
Mikuláš Hovorka;10082044;CEB;Banes Motor È. Budìjovice;2023 / 2024;obránce;22;33;12;89;89;85;83;66;17;28;87;97;63;65;72;44;87;31;32;69;-;42;14;75;Mikuláš;Hovorka;Hovorka M.;17. 1. 2024
Milan Doudera;12819;CEB;Banes Motor È. Budìjovice;2023 / 2024;obránce;30;28;11;73;30;90;68;83;70;-;76;72;45;48;80;84;70;56;52;30;-;89;86;32;Milan;Doudera;Doudera M.;17. 1. 2024
Milan Gulaš;7951;CEB;Banes Motor È. Budìjovice;2023 / 2024;útoèník;38;31;22;91;91;84;74;80;43;76;90;81;83;63;57;85;84;47;49;87;76;81;54;-;Milan;Gulaš;Gulas M.;17. 1. 2024
Miloš Roman;18964;TRI;HC Oceláøi Tøinec;2023 / 2024;útoèník;24;34;11;16;6;30;43;32;44;48;17;24;35;28;4;10;6;93;89;82;95;76;67;46;Miloš;Roman;Roman M.;17. 1. 2024
Miroslav Forman;10560;SPA;HC Sparta Praha;2023 / 2024;útoèník;32;28;15;81;59;85;82;59;56;-;81;78;84;97;82;80;16;80;77;12;14;24;50;81;Miroslav;Forman;Forman M.;17. 1. 2024
Miroslav Indrák;14240;PLZ;HC Škoda Plzeò;2023 / 2024;útoèník;27;31;13;81;93;66;24;89;79;26;62;66;89;54;18;18;68;97;97;59;80;41;31;-;Miroslav;Indrák;Indrak M.;17. 1. 2024
Nicolas Hlava;13667;LIT;HC VERVA Litvínov;2023 / 2024;útoèník;29;34;22;83;87;72;44;82;57;28;84;82;80;68;68;88;24;20;26;53;99;59;67;-;Nicolas;Hlava;Hlava N.;17. 1. 2024
Oliver Okuliar;10079544;MHK;Mountfield HK;2023 / 2024;útoèník;23;34;28;94;89;91;98;68;97;82;91;91;82;70;79;89;52;63;62;52;97;34;2;7;Oliver;Okuliar;Okuliar O.;17. 1. 2024
Ondøej Beránek;14041;KVA;HC Energie Karlovy Vary;2023 / 2024;útoèník;28;30;15;49;65;42;70;12;64;39;30;50;88;5;31;73;15;14;17;10;9;16;7;97;Ondøej;Beránek;Beranek O.;17. 1. 2024
Ondøej Bláha;31281;KLA;Rytíøi Kladno;2023 / 2024;útoèník;23;28;7;52;20;77;80;53;74;-;9;4;69;2;4;41;1;3;6;67;3;79;70;85;Ondøej;Bláha;Blaha O.;17. 1. 2024
Ondøej Dlapa;11274;KVA;HC Energie Karlovy Vary;2023 / 2024;obránce;32;26;1;13;27;11;25;21;66;-;1;3;1;13;11;1;15;29;29;46;-;23;9;33;Ondøej;Dlapa;Dlapa O.;17. 1. 2024
Ondøej Jurèík;11273;LIT;HC VERVA Litvínov;2023 / 2024;útoèník;31;28;6;17;2;33;61;33;48;-;24;23;22;35;35;33;12;47;55;96;79;44;66;72;Ondøej;Jurèík;Jurcik O.;17. 1. 2024
Ondøej Kachyòa;18507;CEB;Banes Motor È. Budìjovice;2023 / 2024;obránce;25;21;7;72;16;92;89;88;72;-;35;40;59;10;84;1;73;78;75;24;-;53;17;-;Ondøej;Kachyòa;Kachyna O.;17. 1. 2024
Ondøej Kaše;37;LIT;HC VERVA Litvínov;2023 / 2024;útoèník;27;31;32;96;91;93;91;93;76;63;93;91;93;61;99;82;96;79;85;1;82;50;60;15;Ondøej;Kaše;Kase O.;17. 1. 2024
Ondøej Matıs;29371;PLZ;HC Škoda Plzeò;2023 / 2024;útoèník;24;30;10;68;67;64;85;43;53;-;59;60;22;80;76;21;99;32;31;34;38;13;74;-;Ondøej;Matıs;Matys O.;17. 1. 2024
Ondøej Mikliš;14071;SPA;HC Sparta Praha;2023 / 2024;obránce;27;30;5;45;36;52;45;51;50;-;45;90;60;84;27;1;38;88;85;16;-;21;11;50;Ondøej;Mikliš;Miklis O.;17. 1. 2024
Ondøej Najman;17536;SPA;HC Sparta Praha;2023 / 2024;útoèník;25;32;10;49;60;39;34;51;6;3;50;65;44;97;39;7;59;75;72;45;32;66;63;4;Ondøej;Najman;Najman O.;17. 1. 2024
Ondøej Procházka;17217;KVA;HC Energie Karlovy Vary;2023 / 2024;útoèník;26;33;16;72;56;77;71;74;68;93;56;41;70;40;42;76;54;11;11;60;35;65;34;36;Ondøej;Procházka;Prochazka O.;17. 1. 2024
Ondøej Roman;8810;MBL;BK Mladá Boleslav;2023 / 2024;útoèník;35;31;10;20;52;14;11;29;7;21;3;6;17;12;2;21;39;5;5;30;31;77;68;-;Ondøej;Roman;Roman O.;17. 1. 2024
Ondøej Slováèek;12827;KLA;Rytíøi Kladno;2023 / 2024;obránce;29;32;4;14;19;21;9;48;19;-;63;28;8;72;96;30;94;15;17;59;-;70;12;56;Ondøej;Slováèek;Slovacek O.;17. 1. 2024
Ondøej Vála;17809;PCE;HC Dynamo Pardubice;2023 / 2024;obránce;25;28;11;81;13;98;98;79;28;-;41;89;38;71;18;34;32;51;41;50;-;93;34;85;Ondøej;Vála;Vala O.;17. 1. 2024
Oscar Flynn;29091;LIB;Bílí Tygøi Liberec;2023 / 2024;útoèník;24;29;29;98;97;97;88;94;91;61;90;87;99;83;82;62;70;43;50;62;48;22;42;-;Oscar;Flynn;Flynn O.;17. 1. 2024
Patrik Demel;14369;LIT;HC VERVA Litvínov;2023 / 2024;obránce;27;32;6;20;12;40;35;28;24;-;70;12;91;15;85;80;69;64;66;33;-;51;21;71;Patrik;Demel;Demel P.;17. 1. 2024
Patrik Hrehorèák;32581;TRI;HC Oceláøi Tøinec;2023 / 2024;útoèník;24;34;10;30;8;53;21;63;67;-;59;57;20;53;66;84;34;98;95;78;81;70;66;64;Patrik;Hrehorèák;Hrehorcak P.;17. 1. 2024
Patrik Marcel;13639;MHK;Mountfield HK;2023 / 2024;obránce;29;30;0;3;8;1;22;1;25;-;5;5;11;36;9;1;5;11;10;58;-;29;1;-;Patrik;Marcel;Marcel P.;17. 1. 2024
Patrik Miškáø;15275;MHK;Mountfield HK;2023 / 2024;útoèník;27;28;14;48;74;36;6;62;3;74;71;62;63;70;34;72;42;44;40;48;86;72;47;66;Patrik;Miškáø;Miskar P.;17. 1. 2024
Patrik Poulíèek;15476;PCE;HC Dynamo Pardubice;2023 / 2024;útoèník;30;29;13;64;41;68;94;33;96;7;69;74;73;47;73;31;88;87;79;14;66;63;38;69;Patrik;Poulíèek;Poulicek P.;17. 1. 2024
Patrik Zdráhal;14150;VIT;HC Vítkovice RIDERA;2023 / 2024;útoèník;28;12;7;75;98;54;4;92;87;-;84;86;67;75;89;93;55;18;21;28;20;13;68;-;Patrik;Zdráhal;Zdrahal P.;17. 1. 2024
Pavel Kousal;18669;SPA;HC Sparta Praha;2023 / 2024;útoèník;24;33;22;62;66;59;54;44;87;71;91;93;98;95;72;60;79;48;44;37;33;41;55;-;Pavel;Kousal;Kousal P.;17. 1. 2024
Pavel Musil;12569;OLO;HC Olomouc;2023 / 2024;útoèník;30;25;2;10;50;2;1;6;12;44;67;68;46;68;69;58;67;81;82;15;73;57;35;-;Pavel;Musil;Musil P.;17. 1. 2024
Pavel Pıcha;14920;CEB;Banes Motor È. Budìjovice;2023 / 2024;obránce;27;32;12;36;32;50;75;27;18;83;16;25;32;14;45;30;58;75;72;34;-;92;63;46;Pavel;Pıcha;Pycha P.;17. 1. 2024
Pavol Skalickı;2491888;MBL;BK Mladá Boleslav;2023 / 2024;útoèník;28;34;12;32;82;12;12;10;21;88;32;24;45;38;53;37;42;97;96;21;55;21;81;73;Pavol;Skalickı;Skalicky P.;17. 1. 2024
Pawel Zygmunt;10096884;LIT;HC VERVA Litvínov;2023 / 2024;útoèník;23;19;1;2;3;8;36;1;35;-;31;31;21;4;93;24;63;67;71;73;79;77;31;29;Pawel;Zygmunt;Zygmunt P.;17. 1. 2024
Peter Èerešòák;16240;PCE;HC Dynamo Pardubice;2023 / 2024;obránce;30;32;25;94;82;88;69;94;9;96;69;96;77;94;28;1;55;99;95;56;-;79;70;30;Peter;Èerešòák;Ceresnak P.;17. 1. 2024
Peter Krieger;7;VIT;HC Vítkovice RIDERA;2023 / 2024;útoèník;30;31;13;21;49;15;24;19;93;48;41;42;27;75;26;48;48;49;55;20;68;57;39;-;Peter;Krieger;Krieger P.;17. 1. 2024
Peter Mueller;316216;VIT;HC Vítkovice RIDERA;2023 / 2024;útoèník;35;17;13;27;34;25;49;25;11;94;65;82;17;71;62;79;65;95;97;79;25;36;83;-;Peter;Mueller;Mueller P.;17. 1. 2024
Petr Fridrich;37111;VIT;HC Vítkovice RIDERA;2023 / 2024;útoèník;23;31;9;55;57;55;49;62;81;-;60;12;80;37;56;75;69;69;67;57;37;47;70;86;Petr;Fridrich;Fridrich P.;17. 1. 2024
Petr Gewiese;12268;MBL;BK Mladá Boleslav;2023 / 2024;obránce;30;34;3;21;60;15;61;1;84;-;36;68;10;30;65;75;31;59;67;14;-;57;46;28;Petr;Gewiese;Gewiese P.;17. 1. 2024
Petr Hauser;10083033;SPA;HC Sparta Praha;2023 / 2024;útoèník;19;23;4;23;5;45;4;93;65;-;39;61;66;36;65;16;77;30;25;1;12;50;58;-;Petr;Hauser;Hauser P.;17. 1. 2024
Petr Holík;12321;KOM;HC Kometa Brno;2023 / 2024;útoèník;31;29;11;59;68;49;41;56;4;4;67;71;67;94;54;83;11;49;48;12;26;28;94;-;Petr;Holík;Holik P.;17. 1. 2024
Petr Chlán;31051;VIT;HC Vítkovice RIDERA;2023 / 2024;útoèník;24;24;8;25;39;20;42;18;29;75;21;13;53;7;27;14;65;50;53;80;8;68;20;63;Petr;Chlán;Chlan P.;17. 1. 2024
Petr Kalina;17225;MHK;Mountfield HK;2023 / 2024;obránce;26;34;4;25;39;30;41;33;11;-;23;26;37;34;16;85;30;80;76;54;-;94;62;78;Petr;Kalina;Kalina P.;17. 1. 2024
Petr Koblasa;13233;LIT;HC VERVA Litvínov;2023 / 2024;útoèník;29;34;24;54;32;60;83;31;25;70;55;62;91;69;45;32;46;61;69;20;6;88;95;-;Petr;Koblasa;Koblasa P.;17. 1. 2024
Petr Straka;11296;PLZ;HC Škoda Plzeò;2023 / 2024;útoèník;31;29;5;36;14;55;22;87;39;-;51;46;24;32;57;68;63;11;13;81;87;33;55;84;Petr;Straka;Straka P.;17. 1. 2024
Petr Vrána;2182;TRI;HC Oceláøi Tøinec;2023 / 2024;útoèník;38;34;11;28;18;38;22;54;31;15;20;28;6;23;36;47;43;45;41;25;62;14;32;70;Petr;Vrána;Vrana P.;17. 1. 2024
Petr Zámorskı;12347;PLZ;HC Škoda Plzeò;2023 / 2024;obránce;31;32;26;95;87;91;97;77;8;75;89;92;29;87;86;81;98;49;51;5;-;36;72;61;Petr;Zámorskı;Zamorsky P.;17. 1. 2024
Radek Jeøábek;17234;VIT;HC Vítkovice RIDERA;2023 / 2024;obránce;25;24;1;15;48;14;3;30;77;-;26;18;94;23;17;47;29;63;70;2;-;69;76;-;Radek;Jeøábek;Jerabek R.;17. 1. 2024
Radek Kuèeøík;35491;KOM;HC Kometa Brno;2023 / 2024;obránce;22;33;6;31;24;44;85;11;91;-;79;39;81;33;64;82;83;65;58;42;-;89;30;40;Radek;Kuèeøík;Kucerik R.;17. 1. 2024
Radek Muík;1055795;SPA;HC Sparta Praha;2023 / 2024;útoèník;22;18;2;3;4;3;16;20;11;-;10;7;1;45;24;49;12;4;3;35;1;91;83;-;Radek;Muík;Muzik R.;17. 1. 2024
Radek Pilaø;14881;MHK;Mountfield HK;2023 / 2024;útoèník;27;26;2;5;10;9;14;7;12;-;6;4;27;9;10;36;55;72;65;1;12;82;48;22;Radek;Pilaø;Pilar R.;17. 1. 2024
Radek Smoleòák;6731;KLA;Rytíøi Kladno;2023 / 2024;útoèník;36;26;16;73;79;63;91;24;78;86;22;31;42;62;3;48;8;25;22;11;30;11;7;-;Radek;Smoleòák;Smolenak R.;17. 1. 2024
Radim Šalda;19035;LIT;HC VERVA Litvínov;2023 / 2024;obránce;24;33;2;42;67;28;56;25;79;-;18;22;47;7;43;38;22;41;48;98;-;1;18;47;Radim;Šalda;Salda R.;17. 1. 2024
Radovan Pavlík;16940;MHK;Mountfield HK;2023 / 2024;útoèník;25;25;5;18;52;6;1;27;25;-;82;77;42;56;67;92;91;84;83;62;74;84;11;35;Radovan;Pavlík;Pavlik R.;17. 1. 2024
Ralfs Freibergs;10079557;MHK;Mountfield HK;2023 / 2024;obránce;32;34;6;37;44;46;34;63;58;4;50;41;89;50;52;70;11;67;62;29;-;22;39;93;Ralfs;Freibergs;Freibergs R.;17. 1. 2024
Rastislav Dej;10666;VIT;HC Vítkovice RIDERA;2023 / 2024;útoèník;34;27;5;54;70;48;58;30;5;-;8;15;41;1;39;6;13;54;56;40;34;83;45;24;Rastislav;Dej;Dej R.;17. 1. 2024
Rhett Holland;10083253;KOM;HC Kometa Brno;2023 / 2024;obránce;29;31;2;9;7;13;10;17;96;-;67;49;49;93;10;35;54;62;53;72;-;87;10;58;Rhett;Holland;Holland R.;17. 1. 2024
Richard Jarùšek;11188;KLA;Rytíøi Kladno;2023 / 2024;útoèník;32;32;8;45;60;36;3;91;94;8;42;20;29;20;37;64;93;62;66;67;66;21;44;-;Richard;Jarùšek;Jarusek R.;17. 1. 2024
Richard Nedomlel;13220;TRI;HC Oceláøi Tøinec;2023 / 2024;obránce;30;34;1;6;1;11;19;24;15;-;2;14;1;5;13;1;7;34;30;68;-;61;51;35;Richard;Nedomlel;Nedomlel R.;17. 1. 2024
Richard Pánik;46;TRI;HC Oceláøi Tøinec;2023 / 2024;útoèník;32;34;21;76;59;79;84;47;63;29;76;83;83;18;96;93;52;9;5;1;87;10;14;-;Richard;Pánik;Panik R.;17. 1. 2024
Robert Kousal;10438;PCE;HC Dynamo Pardubice;2023 / 2024;útoèník;32;32;28;80;41;95;53;97;32;26;85;85;95;71;74;77;38;28;19;68;22;28;52;-;Robert;Kousal;Kousal R.;17. 1. 2024
Róbert Lantoši;23941;MBL;BK Mladá Boleslav;2023 / 2024;útoèník;27;34;29;80;95;60;81;46;45;98;88;88;62;91;95;66;87;51;51;44;52;58;56;-;Róbert;Lantoši;Lantosi R.;17. 1. 2024
Robert Øíèka;10315;PCE;HC Dynamo Pardubice;2023 / 2024;útoèník;34;32;19;39;20;40;63;57;73;90;44;58;68;6;44;53;33;71;58;98;50;51;49;-;Robert;Øíèka;Ricka R.;17. 1. 2024
Roberts Bukarts;5919098;VIT;HC Vítkovice RIDERA;2023 / 2024;útoèník;33;30;12;29;30;31;80;1;52;19;43;53;57;60;28;22;19;56;60;92;59;26;41;-;Roberts;Bukarts;Bukarts R.;17. 1. 2024
Rok Macuh;53281;OLO;HC Olomouc;2023 / 2024;útoèník;26;32;22;90;77;92;84;88;98;59;75;84;43;82;66;30;76;53;57;91;47;91;3;65;Rok;Macuh;Macuh R.;17. 1. 2024
Roman Horák;10339;SPA;HC Sparta Praha;2023 / 2024;útoèník;32;34;28;89;85;83;60;87;33;75;79;77;89;94;60;18;60;54;47;49;47;38;96;-;Roman;Horák;Horak R.;17. 1. 2024
Roman Vráblík;10250;CEB;Banes Motor È. Budìjovice;2023 / 2024;obránce;33;25;4;51;90;29;13;30;61;-;34;37;33;19;70;39;48;69;69;38;-;20;41;25;Roman;Vráblík;Vrablik R.;17. 1. 2024
Ronald Knot;13592;LIB;Bílí Tygøi Liberec;2023 / 2024;obránce;29;28;13;58;20;71;89;29;41;17;83;24;95;61;88;58;79;91;90;55;-;70;95;88;Ronald;Knot;Knot R.;17. 1. 2024
Sebastian Malát;10079113;MBL;BK Mladá Boleslav;2023 / 2024;útoèník;21;27;7;34;27;41;62;41;80;-;35;34;7;4;81;59;73;52;53;83;60;90;16;-;Sebastian;Malát;Malat S.;17. 1. 2024
Silvester Kusko;14492;OLO;HC Olomouc;2023 / 2024;útoèník;28;31;7;11;42;6;37;1;53;16;12;17;13;38;17;17;35;59;68;31;44;70;40;3;Silvester;Kusko;Kusko S.;17. 1. 2024
Steve Moses;43;KOM;HC Kometa Brno;2023 / 2024;útoèník;34;33;22;69;64;61;88;36;83;87;80;36;92;33;90;78;83;36;35;89;11;42;77;-;Steve;Moses;Moses S.;17. 1. 2024
Stuart Percy;10099422;VIT;HC Vítkovice RIDERA;2023 / 2024;obránce;30;28;16;39;66;41;21;61;67;72;70;51;46;91;53;33;44;50;57;82;-;11;68;-;Stuart;Percy;Percy S.;17. 1. 2024
T.J. Melancon;10099298;LIB;Bílí Tygøi Liberec;2023 / 2024;obránce;27;34;21;93;75;94;96;84;89;66;99;50;98;95;79;94;75;16;22;78;-;5;96;-;T.J.;Melancon;Melancon T.;17. 1. 2024
Tadeáš Hejda;17092;KLA;Rytíøi Kladno;2023 / 2024;obránce;26;32;7;48;34;54;71;54;23;-;8;9;13;39;29;1;33;37;42;53;-;16;37;51;Tadeáš;Hejda;Hejda T.;17. 1. 2024
Tim Söderlund;25;PLZ;HC Škoda Plzeò;2023 / 2024;útoèník;26;32;24;89;84;84;85;83;85;68;65;49;35;57;71;56;89;76;83;50;67;17;79;49;Tim;Söderlund;Soderlund T.;17. 1. 2024
Tomáš Bartejs;12172;KVA;HC Energie Karlovy Vary;2023 / 2024;obránce;31;13;4;32;15;70;23;95;69;-;73;19;22;90;60;63;97;79;86;17;-;98;16;-;Tomáš;Bartejs;Bartejs T.;17. 1. 2024
Tomáš Èernı;15644;OLO;HC Olomouc;2023 / 2024;obránce;25;25;1;4;11;1;28;1;40;-;25;59;16;18;38;71;12;70;73;67;-;30;56;26;Tomáš;Èernı;Cerny T.;17. 1. 2024
Tomáš Dujsík;12883;PLZ;HC Škoda Plzeò;2023 / 2024;obránce;31;29;5;44;55;42;74;19;29;-;37;75;6;43;78;36;50;89;89;45;-;34;49;18;Tomáš;Dujsík;Dujsik T.;17. 1. 2024
Tomáš Dvoøák;14026;PCE;HC Dynamo Pardubice;2023 / 2024;obránce;28;31;8;76;83;63;7;91;36;-;22;74;17;53;7;25;60;42;31;61;-;64;80;82;Tomáš;Dvoøák;Dvorak T.;17. 1. 2024
Tomáš Filippi;11957;LIB;Bílí Tygøi Liberec;2023 / 2024;útoèník;31;36;39;93;82;93;81;91;49;73;58;84;21;91;78;49;49;14;20;16;22;61;29;16;Tomáš;Filippi;Filippi T.;17. 1. 2024
Tomáš Foøt;12283;MBL;BK Mladá Boleslav;2023 / 2024;útoèník;31;28;13;51;90;24;61;14;94;88;74;68;62;61;58;25;83;91;91;76;90;71;75;77;Tomáš;Foøt;Fort T.;17. 1. 2024
Tomáš Galvas;10097211;LIB;Bílí Tygøi Liberec;2023 / 2024;obránce;17;19;4;96;95;87;67;82;38;-;92;50;99;75;89;98;71;73;80;11;-;91;89;-;Tomáš;Galvas;Galvas T.;17. 1. 2024
Tomáš Havlín;14798;KVA;HC Energie Karlovy Vary;2023 / 2024;obránce;27;26;2;34;68;26;80;1;78;-;74;30;75;42;54;66;85;20;25;83;-;2;19;89;Tomáš;Havlín;Havlin T.;17. 1. 2024
Tomáš Hyka;12581;PCE;HC Dynamo Pardubice;2023 / 2024;útoèník;30;31;26;91;80;85;76;89;91;78;97;93;82;93;88;95;80;66;59;54;83;55;65;-;Tomáš;Hyka;Hyka T.;17. 1. 2024
Tomáš Chlubna;9417638;CEB;Banes Motor È. Budìjovice;2023 / 2024;útoèník;21;26;3;15;24;17;2;61;24;-;45;36;73;39;10;62;28;33;32;89;41;65;89;-;Tomáš;Chlubna;Chlubna T.;17. 1. 2024
Tomáš Kundrátek;9580;TRI;HC Oceláøi Tøinec;2023 / 2024;obránce;33;33;13;69;25;75;87;71;11;36;75;41;39;88;50;48;52;17;13;80;-;71;48;-;Tomáš;Kundrátek;Kundratek T.;17. 1. 2024
Tomáš Marcinko;47331;KOM;HC Kometa Brno;2023 / 2024;útoèník;35;32;13;47;53;39;48;35;48;5;28;38;23;49;19;51;6;56;50;90;55;94;8;30;Tomáš;Marcinko;Marcinko T.;17. 1. 2024
Tomáš Mertl;7953;PLZ;HC Škoda Plzeò;2023 / 2024;útoèník;37;23;8;70;69;71;83;23;4;3;36;47;68;13;52;38;47;78;81;14;69;24;22;31;Tomáš;Mertl;Mertl T.;17. 1. 2024
Tomáš Pavelka;12962;MHK;Mountfield HK;2023 / 2024;obránce;30;33;18;88;88;68;86;56;16;88;95;65;85;74;73;93;95;40;34;60;-;45;81;42;Tomáš;Pavelka;Pavelka T.;17. 1. 2024
Tomáš Plekanec;2077;KLA;Rytíøi Kladno;2023 / 2024;útoèník;40;9;4;5;26;1;13;1;77;65;15;16;19;16;6;39;46;82;87;99;1;93;1;57;Tomáš;Plekanec;Plekanec T.;17. 1. 2024
Tomáš Rachùnek;10470;KVA;HC Energie Karlovy Vary;2023 / 2024;útoèník;32;31;21;78;74;68;79;61;14;43;81;81;26;89;71;87;90;15;14;36;41;5;90;-;Tomáš;Rachùnek;Rachunek T.;17. 1. 2024
Tomáš Redlich;13325;KVA;HC Energie Karlovy Vary;2023 / 2024;útoèník;30;33;8;17;13;27;31;50;41;-;18;7;16;26;18;55;77;99;99;30;4;55;80;11;Tomáš;Redlich;Redlich T.;17. 1. 2024
Tomáš Šmerha;17440;MBL;BK Mladá Boleslav;2023 / 2024;útoèník;25;22;2;18;54;11;16;8;85;-;49;46;48;53;63;52;50;46;45;70;11;64;51;-;Tomáš;Šmerha;Smerha T.;17. 1. 2024
Tomáš Vincour;9904;KOM;HC Kometa Brno;2023 / 2024;útoèník;32;21;11;85;56;89;93;76;66;89;27;10;11;55;13;88;22;44;42;83;28;87;10;-;Tomáš;Vincour;Vincour T.;17. 1. 2024
Tomáš Vondráèek;10860;VIT;HC Vítkovice RIDERA;2023 / 2024;útoèník;32;26;5;58;83;44;47;26;86;-;55;79;96;30;41;26;30;10;1;32;98;89;63;-;Tomáš;Vondráèek;Vondracek T.;17. 1. 2024
Tomáš Zohorna;9032;PCE;HC Dynamo Pardubice;2023 / 2024;útoèník;35;31;21;76;34;91;50;98;56;6;54;54;13;90;38;19;95;19;14;53;75;18;37;38;Tomáš;Zohorna;Zohorna T.;17. 1. 2024
Václav Veber;31901;KLA;Rytíøi Kladno;2023 / 2024;obránce;24;30;2;22;53;19;46;18;30;-;28;22;51;4;47;74;35;18;20;31;-;43;91;4;Václav;Veber;Veber V.;17. 1. 2024
Valentin Claireaux;10097120;VIT;HC Vítkovice RIDERA;2023 / 2024;útoèník;32;19;3;30;48;21;20;34;6;-;20;19;55;14;41;35;40;7;8;1;17;68;90;-;Valentin;Claireaux;Claireaux V.;17. 1. 2024
Viliam Èacho;30;TRI;HC Oceláøi Tøinec;2023 / 2024;útoèník;24;34;11;50;19;69;56;85;77;-;71;51;40;50;74;87;33;40;32;88;94;46;8;1;Viliam;Èacho;Cacho V.;17. 1. 2024
Vít Jiskra;3087341;KVA;HC Energie Karlovy Vary;2023 / 2024;útoèník;22;33;15;43;33;47;67;38;69;34;16;13;25;13;53;15;62;87;86;26;42;67;91;52;Vít;Jiskra;Jiskra V.;17. 1. 2024
Vladimír Draveckı;53425;TRI;HC Oceláøi Tøinec;2023 / 2024;útoèník;38;34;4;8;4;16;25;15;42;-;4;17;5;25;3;2;26;46;36;91;10;49;15;37;Vladimír;Draveckı;Dravecky V.;17. 1. 2024
Vladimír Sobotka;7271;SPA;HC Sparta Praha;2023 / 2024;útoèník;36;26;18;60;33;71;79;41;26;50;61;63;52;55;75;68;30;67;61;63;32;83;33;-;Vladimír;Sobotka;Sobotka V.;17. 1. 2024
Vojtìch Budík;17410;LIB;Bílí Tygøi Liberec;2023 / 2024;obránce;26;32;12;86;61;86;65;89;64;9;78;30;50;63;87;78;82;6;5;65;-;58;54;-;Vojtìch;Budík;Budik V.;17. 1. 2024
Vojtìch Mozík;12817;SPA;HC Sparta Praha;2023 / 2024;obránce;30;25;5;70;76;48;59;50;35;-;62;75;83;59;32;67;10;82;77;35;-;26;8;16;Vojtìch;Mozík;Mozik V.;17. 1. 2024
Willie Raskob;11;VIT;HC Vítkovice RIDERA;2023 / 2024;obránce;28;30;15;98;98;99;77;86;65;15;90;85;74;98;81;69;55;32;35;37;-;73;97;-;Willie;Raskob;Raskob W.;17. 1. 2024
Yohann Auvitu;60;VIT;HC Vítkovice RIDERA;2023 / 2024;obránce;34;14;6;41;46;43;70;36;90;64;24;34;70;16;42;54;25;8;12;4;-;80;55;-;Yohann;Auvitu;Auvitu Y.;17. 1. 2024
Zach Osburn;45;KOM;HC Kometa Brno;2023 / 2024;obránce;26;34;13;33;18;49;82;42;45;39;98;94;89;60;98;60;81;25;19;93;-;49;32;-;Zach;Osburn;Osburn Z.;17. 1. 2024
Zdenìk Okál;10466;KOM;HC Kometa Brno;2023 / 2024;útoèník;33;32;7;28;5;45;65;36;95;-;47;27;54;31;47;90;26;94;90;55;49;81;16;28;Zdenìk;Okál;Okal Z.;17. 1. 2024
Adam Brízgala;17213;KLA;Rytíøi Kladno;2023 / 2024;brankáø;25;21;;17;17;4;58;10;42;;23;23;10;77;10;26;;42;42;14;26;17;86;;Adam;Brízgala;Brizgala A.;17. 1. 2024
Branislav Konrád;32651;OLO;HC Olomouc;2023 / 2024;brankáø;35;23;;80;80;89;96;42;70;;93;93;77;80;67;93;;23;23;83;86;14;1;;Branislav;Konrád;Konrad B.;17. 1. 2024
Daniel Král;10078861;LIB;Bílí Tygøi Liberec;2023 / 2024;brankáø;20;25;;52;52;96;67;36;33;;70;70;83;61;61;45;;36;36;96;80;36;17;;Daniel;Král;Kral D.;17. 1. 2024
Dávid Hrenák;3;LIB;Bílí Tygøi Liberec;2023 / 2024;brankáø;25;9;;33;33;86;64;26;39;;83;83;80;55;80;58;;4;4;89;33;10;10;;Dávid;Hrenák;Hrenak D.;17. 1. 2024
Dominik Frodl;15316;KVA;HC Energie Karlovy Vary;2023 / 2024;brankáø;27;32;;99;99;26;99;99;36;;96;96;17;96;93;61;;70;70;29;64;93;7;;Dominik;Frodl;Frodl D.;17. 1. 2024
Dominik Furch;10449;KOM;HC Kometa Brno;2023 / 2024;brankáø;33;19;;70;70;17;42;80;61;;61;61;20;48;58;55;;64;64;39;42;64;64;;Dominik;Furch;Furch D.;17. 1. 2024
Dominik Hrachovina;13641;CEB;Banes Motor È. Budìjovice;2023 / 2024;brankáø;29;27;;48;48;23;61;4;83;;7;7;7;17;1;89;;96;96;67;96;89;77;;Dominik;Hrachovina;Hrachovina D.;17. 1. 2024
Dominik Pavlát;18455;PLZ;HC Škoda Plzeò;2023 / 2024;brankáø;23;21;;96;96;36;29;93;89;;86;86;36;33;99;67;;86;86;55;55;33;99;;Dominik;Pavlát;Pavlat D.;17. 1. 2024
Eetu Laurikainen;4;MHK;Mountfield HK;2023 / 2024;brankáø;30;4;;20;20;52;52;29;29;;39;39;55;74;23;33;;45;45;33;36;86;23;;Eetu;Laurikainen;Laurikainen E.;17. 1. 2024
Filip Novotnı;11407;MBL;BK Mladá Boleslav;2023 / 2024;brankáø;32;20;;10;10;77;80;17;17;;42;42;96;89;33;4;;7;7;20;14;4;70;;Filip;Novotnı;Novotny F.;17. 1. 2024
Henri Kiviaho;318342;MHK;Mountfield HK;2023 / 2024;brankáø;29;5;;58;58;55;36;64;52;;45;45;48;36;36;52;;67;67;48;45;77;52;;Henri;Kiviaho;Kiviaho H.;17. 1. 2024
Jakub Kováø;1;SPA;HC Sparta Praha;2023 / 2024;brankáø;35;22;;64;64;29;33;89;45;;14;14;33;39;29;36;;77;77;45;48;99;39;;Jakub;Kováø;Kovar J.;17. 1. 2024
Jakub Sedláèek;9869;OLO;HC Olomouc;2023 / 2024;brankáø;33;15;;14;14;10;23;83;7;;26;26;26;64;64;10;;33;33;7;10;70;48;;Jakub;Sedláèek;Sedlacek J.;17. 1. 2024
Jan Kavan;10093587;KOM;HC Kometa Brno;2023 / 2024;brankáø;18;7;;45;45;39;4;70;74;;67;67;64;45;89;39;;39;39;10;7;45;89;;Jan;Kavan;Kavan J.;17. 1. 2024
Jan Lukáš;11905;MHK;Mountfield HK;2023 / 2024;brankáø;30;14;;67;67;64;48;48;77;;17;17;29;1;48;64;;80;80;93;89;42;67;;Jan;Lukáš;Lukas J.;17. 1. 2024
Jan Rùièka;15662;MBL;BK Mladá Boleslav;2023 / 2024;brankáø;26;19;;26;26;1;7;7;93;;55;55;1;23;7;99;;1;1;64;17;7;33;;Jan;Rùièka;Ruzicka J.;17. 1. 2024
Jan Strmeò;11556;CEB;Banes Motor È. Budìjovice;2023 / 2024;brankáø;31;11;;61;61;70;74;74;14;;77;77;70;86;83;17;;48;48;42;61;39;36;;Jan;Strmeò;Strmen J.;17. 1. 2024
Josef Koøenáø;18658;SPA;HC Sparta Praha;2023 / 2024;brankáø;25;16;;74;74;74;77;61;48;;64;64;74;67;55;42;;74;74;52;77;48;45;;Josef;Koøenáø;Korenar J.;17. 1. 2024
Landon Bow;10084498;KLA;Rytíøi Kladno;2023 / 2024;brankáø;28;17;;4;4;7;1;39;4;;4;4;39;4;70;7;;29;29;1;29;29;58;;Landon;Bow;Bow L.;17. 1. 2024
Lukáš Klimeš;13132;VIT;HC Vítkovice RIDERA;2023 / 2024;brankáø;29;21;;89;89;67;55;58;96;;89;89;67;10;86;96;;83;83;86;99;20;83;;Lukáš;Klimeš;Klimes L.;17. 1. 2024
Lukáš Paøík;3331756;LIB;Bílí Tygøi Liberec;2023 / 2024;brankáø;22;8;;55;55;33;14;77;64;;58;58;23;7;74;77;;61;61;58;58;55;61;;Lukáš;Paøík;Parik L.;17. 1. 2024
Marek Mazanec;10249;TRI;HC Oceláøi Tøinec;2023 / 2024;brankáø;32;24;;77;77;80;83;86;26;;48;48;86;70;39;23;;89;89;61;70;96;42;;Marek;Mazanec;Mazanec M.;17. 1. 2024
Matìj Machovskı;12013;VIT;HC Vítkovice RIDERA;2023 / 2024;brankáø;30;16;;7;7;93;20;45;20;;52;52;89;26;77;29;;20;20;74;67;26;4;;Matìj;Machovskı;Machovsky M.;17. 1. 2024
Matej Tomek;40031;LIT;HC VERVA Litvínov;2023 / 2024;brankáø;26;26;;83;83;42;39;55;99;;33;33;4;20;26;74;;93;93;99;74;80;96;;Matej;Tomek;Tomek M.;17. 1. 2024
Milan Klouèek;18731;PCE;HC Dynamo Pardubice;2023 / 2024;brankáø;25;8;;29;29;83;93;14;10;;20;20;93;93;4;14;;58;58;36;39;58;55;;Milan;Klouèek;Kloucek M.;17. 1. 2024
Ondøej Kacetl;10362;TRI;HC Oceláøi Tøinec;2023 / 2024;brankáø;32;13;;23;23;45;45;33;23;;10;10;42;58;17;20;;55;55;26;52;61;29;;Ondøej;Kacetl;Kacetl O.;17. 1. 2024
Patrik Bartošák;12834;MHK;Mountfield HK;2023 / 2024;brankáø;30;17;;86;86;48;70;67;80;;36;36;58;42;45;48;;99;99;23;93;83;93;;Patrik;Bartošák;Bartosak P.;17. 1. 2024
Roman Will;10989;PCE;HC Dynamo Pardubice;2023 / 2024;brankáø;31;27;;42;42;20;26;52;55;;80;80;61;52;42;83;;14;14;4;4;67;14;;Roman;Will;Will R.;17. 1. 2024
Samuel Hlavaj;2;PLZ;HC Škoda Plzeò;2023 / 2024;brankáø;22;16;;36;36;58;89;1;67;;74;74;45;83;20;70;;17;17;80;83;1;74;;Samuel;Hlavaj;Hlavaj S.;17. 1. 2024
Šimon Zajíèek;3084138;LIT;HC VERVA Litvínov;2023 / 2024;brankáø;22;12;;93;93;99;86;96;58;;99;99;99;99;96;80;;26;26;70;1;74;20;;Šimon;Zajíèek;Zajicek S.;17. 1. 2024
Štìpán Lukeš;15242;KOM;HC Kometa Brno;2023 / 2024;brankáø;27;12;;1;1;61;10;23;1;;1;1;52;14;52;1;;10;10;77;20;23;26;;Štìpán;Lukeš;Lukes S.;17. 1. 2024
Vladislav Habal;10380;KVA;HC Energie Karlovy Vary;2023 / 2024;brankáø;32;4;;39;39;14;17;20;86;;29;29;14;29;14;86;;52;52;17;23;52;80;;Vladislav;Habal;Habal V.;17. 1. 2024
